region,date,week,rna_mean_faeces,ci_low_rna,ci_high_rna,level,lab
Capital Region of Denmark,2022-01-06,2022-W01,16847.39,14173.25,20026.07,High level,external
Central Denmark Region,2022-01-06,2022-W01,11147.55,9949.07,12490.39,High level,external
North Denmark Region,2022-01-06,2022-W01,11002.52,8810.68,13739.61,High level,external
Region Zealand,2022-01-06,2022-W01,14913.19,12747.15,17447.3,High level,external
Region of Southern Denmark,2022-01-06,2022-W01,9793,8483.91,11304.08,High level,external
Capital Region of Denmark,2022-01-13,2022-W02,17626.65,14411.2,21559.54,High level,external
Central Denmark Region,2022-01-13,2022-W02,12894.79,11459.57,14509.77,High level,external
North Denmark Region,2022-01-13,2022-W02,9040.01,7014.23,11650.86,High level,external
Region Zealand,2022-01-13,2022-W02,11165.11,9128.69,13655.81,High level,external
Region of Southern Denmark,2022-01-13,2022-W02,10991.35,9747.48,12393.93,High level,external
Capital Region of Denmark,2022-01-20,2022-W03,26255.66,22055.74,31255.34,High level,external
Central Denmark Region,2022-01-20,2022-W03,20662.33,18418.79,23179.14,High level,external
North Denmark Region,2022-01-20,2022-W03,11878.71,9072.13,15553.55,High level,external
Region Zealand,2022-01-20,2022-W03,22590.53,19424.82,26272.15,High level,external
Region of Southern Denmark,2022-01-20,2022-W03,18637.75,16561.91,20973.77,High level,external
Capital Region of Denmark,2022-01-27,2022-W04,35055,30667.34,40070.41,Very high level,external
Central Denmark Region,2022-01-27,2022-W04,29633.1,26773.13,32798.57,Very high level,external
North Denmark Region,2022-01-27,2022-W04,18971.53,15223.88,23641.75,High level,external
Region Zealand,2022-01-27,2022-W04,31079.65,27664.76,34916.06,Very high level,external
Region of Southern Denmark,2022-01-27,2022-W04,27909.27,25404.46,30661.05,High level,external
Capital Region of Denmark,2022-02-03,2022-W05,35329.76,32041.97,38954.91,Very high level,external
Central Denmark Region,2022-02-03,2022-W05,34006.88,31418.23,36808.82,Very high level,external
North Denmark Region,2022-02-03,2022-W05,28816.41,25051.97,33146.51,High level,external
Region Zealand,2022-02-03,2022-W05,27599.23,24073.72,31641.04,High level,external
Region of Southern Denmark,2022-02-03,2022-W05,31107.57,27974.15,34591.97,Very high level,external
Capital Region of Denmark,2022-02-10,2022-W06,39468.53,34475.43,45184.79,Very high level,external
Central Denmark Region,2022-02-10,2022-W06,62429.07,57322.51,67990.55,Very high level,external
North Denmark Region,2022-02-10,2022-W06,60857.32,53167.93,69658.78,Very high level,external
Region Zealand,2022-02-10,2022-W06,38951.87,34080.22,44519.91,Very high level,external
Region of Southern Denmark,2022-02-10,2022-W06,46509.12,43052.98,50242.7,Very high level,external
Capital Region of Denmark,2022-02-17,2022-W07,31273.95,26678.92,36660.39,Very high level,external
Central Denmark Region,2022-02-17,2022-W07,46337.44,42961.33,49978.85,Very high level,external
North Denmark Region,2022-02-17,2022-W07,49371.1,42091.91,57909.13,Very high level,external
Region Zealand,2022-02-17,2022-W07,28623.38,25507.88,32119.4,High level,external
Region of Southern Denmark,2022-02-17,2022-W07,41640.72,38724.72,44776.29,Very high level,external
Capital Region of Denmark,2022-02-24,2022-W08,25034.82,21008.25,29833.15,High level,external
Central Denmark Region,2022-02-24,2022-W08,40263.35,37354.91,43398.23,Very high level,external
North Denmark Region,2022-02-24,2022-W08,53600.63,46924.73,61226.29,Very high level,external
Region Zealand,2022-02-24,2022-W08,30646.37,27807.12,33775.53,Very high level,external
Region of Southern Denmark,2022-02-24,2022-W08,34802.48,31938.9,37922.81,Very high level,external
Capital Region of Denmark,2022-03-03,2022-W09,23517.65,20255.45,27305.23,High level,external
Central Denmark Region,2022-03-03,2022-W09,30851.89,28305.96,33626.82,Very high level,external
North Denmark Region,2022-03-03,2022-W09,36030.62,30796.47,42154.36,Very high level,external
Region Zealand,2022-03-03,2022-W09,20516.29,17989.05,23398.57,High level,external
Region of Southern Denmark,2022-03-03,2022-W09,25553.95,22950.76,28452.4,High level,external
Capital Region of Denmark,2022-03-10,2022-W10,14279.85,11641.17,17516.64,High level,external
Central Denmark Region,2022-03-10,2022-W10,27953.41,25527.29,30610.11,High level,external
North Denmark Region,2022-03-10,2022-W10,23796.71,20907.56,27085.09,High level,external
Region Zealand,2022-03-10,2022-W10,12316.46,10289.38,14742.9,High level,external
Region of Southern Denmark,2022-03-10,2022-W10,20700.83,18247.9,23483.49,High level,external
Capital Region of Denmark,2022-03-17,2022-W11,13154.29,11171.77,15488.63,High level,external
Central Denmark Region,2022-03-17,2022-W11,18682.26,17133.34,20371.2,High level,external
North Denmark Region,2022-03-17,2022-W11,20016.47,16044.78,24971.29,High level,external
Region Zealand,2022-03-17,2022-W11,14105.53,11594.28,17160.7,High level,external
Region of Southern Denmark,2022-03-17,2022-W11,16879.91,15193.84,18753.08,High level,external
Capital Region of Denmark,2022-03-24,2022-W12,10900.68,8317.63,14285.91,High level,external
Central Denmark Region,2022-03-24,2022-W12,15124.56,13500.43,16944.08,High level,external
North Denmark Region,2022-03-24,2022-W12,15731.39,12727.95,19443.56,High level,external
Region Zealand,2022-03-24,2022-W12,12726.39,10353.31,15643.4,High level,external
Region of Southern Denmark,2022-03-24,2022-W12,13377.57,11518.49,15536.7,High level,external
Capital Region of Denmark,2022-03-31,2022-W13,7152.53,5606.1,9125.54,Medium level,external
Central Denmark Region,2022-03-31,2022-W13,9453.23,8426.87,10604.6,High level,external
North Denmark Region,2022-03-31,2022-W13,10857.6,8745.47,13479.85,High level,external
Region Zealand,2022-03-31,2022-W13,8373.15,6779.39,10341.58,High level,external
Region of Southern Denmark,2022-03-31,2022-W13,9374.7,8064.39,10897.92,High level,external
Capital Region of Denmark,2022-04-07,2022-W14,6000.36,4998.52,7203.01,Medium level,external
Central Denmark Region,2022-04-07,2022-W14,6108.94,5404.24,6905.53,Medium level,external
North Denmark Region,2022-04-07,2022-W14,5967.38,4743.06,7507.74,Medium level,external
Region Zealand,2022-04-07,2022-W14,4251.23,3585.94,5039.94,Medium level,external
Region of Southern Denmark,2022-04-07,2022-W14,4949.04,4329.37,5657.41,Medium level,external
Capital Region of Denmark,2022-04-14,2022-W15,7117.47,5377.74,9420.02,Medium level,external
Central Denmark Region,2022-04-14,2022-W15,7064.49,6149.52,8115.59,Medium level,external
North Denmark Region,2022-04-14,2022-W15,5949.13,4471.02,7915.9,Medium level,external
Region Zealand,2022-04-14,2022-W15,6617.31,5284.15,8286.83,Medium level,external
Region of Southern Denmark,2022-04-14,2022-W15,5007.72,4304.41,5825.95,Medium level,external
Capital Region of Denmark,2022-04-21,2022-W16,3517.91,2450.57,5050.14,Medium level,external
Central Denmark Region,2022-04-21,2022-W16,4513.41,3662.92,5561.38,Medium level,external
North Denmark Region,2022-04-21,2022-W16,6102.99,4827.83,7714.96,Medium level,external
Region Zealand,2022-04-21,2022-W16,3122.47,2459.79,3963.69,Medium level,external
Region of Southern Denmark,2022-04-21,2022-W16,3379.63,2709.81,4215,Medium level,external
Capital Region of Denmark,2022-04-28,2022-W17,3236.67,2370.09,4420.1,Medium level,external
Central Denmark Region,2022-04-28,2022-W17,2532.07,2096.1,3058.73,Medium level,external
North Denmark Region,2022-04-28,2022-W17,3083.76,2251.61,4223.46,Medium level,external
Region Zealand,2022-04-28,2022-W17,1734.78,1339.79,2246.21,Low level,external
Region of Southern Denmark,2022-04-28,2022-W17,1665.01,1367.8,2026.8,Low level,external
Capital Region of Denmark,2022-05-05,2022-W18,1099.68,864.61,1398.67,Low level,external
Central Denmark Region,2022-05-05,2022-W18,1050.32,846.65,1302.99,Low level,external
North Denmark Region,2022-05-05,2022-W18,1171.01,846.2,1620.49,Low level,external
Region Zealand,2022-05-05,2022-W18,565.46,416.74,767.25,Low level,external
Region of Southern Denmark,2022-05-05,2022-W18,798.51,638.87,998.04,Low level,external
Capital Region of Denmark,2022-05-12,2022-W19,769.02,562.65,1051.08,Low level,external
Central Denmark Region,2022-05-12,2022-W19,675.55,500.83,911.23,Low level,external
North Denmark Region,2022-05-12,2022-W19,642.41,456.71,903.63,Low level,external
Region Zealand,2022-05-12,2022-W19,445.11,337.02,587.87,Very low level,external
Region of Southern Denmark,2022-05-12,2022-W19,797.01,604.46,1050.88,Low level,external
Capital Region of Denmark,2022-05-19,2022-W20,1485.14,1177.13,1873.74,Low level,external
Central Denmark Region,2022-05-19,2022-W20,945.92,780.95,1145.73,Low level,external
North Denmark Region,2022-05-19,2022-W20,649.43,468.28,900.64,Low level,external
Region Zealand,2022-05-19,2022-W20,605.21,474.58,771.8,Low level,external
Region of Southern Denmark,2022-05-19,2022-W20,598.69,481.72,744.05,Low level,external
Capital Region of Denmark,2022-05-26,2022-W21,1350.3,1052.89,1731.71,Low level,external
Central Denmark Region,2022-05-26,2022-W21,640.59,516.43,794.61,Low level,external
North Denmark Region,2022-05-26,2022-W21,771.6,511.29,1164.44,Low level,external
Region Zealand,2022-05-26,2022-W21,818.38,636.22,1052.7,Low level,external
Region of Southern Denmark,2022-05-26,2022-W21,454.6,360.84,572.73,Very low level,external
Capital Region of Denmark,2022-06-02,2022-W22,1260.12,958.8,1656.14,Low level,external
Central Denmark Region,2022-06-02,2022-W22,991.89,812.84,1210.39,Low level,external
North Denmark Region,2022-06-02,2022-W22,1031.4,808.16,1316.3,Low level,external
Region Zealand,2022-06-02,2022-W22,811.42,623.41,1056.12,Low level,external
Region of Southern Denmark,2022-06-02,2022-W22,548,447.61,670.9,Low level,external
Capital Region of Denmark,2022-06-09,2022-W23,1675.37,1258.32,2230.63,Low level,external
Central Denmark Region,2022-06-09,2022-W23,888.26,692.62,1139.15,Low level,external
North Denmark Region,2022-06-09,2022-W23,787.43,524.89,1181.29,Low level,external
Region Zealand,2022-06-09,2022-W23,766.68,572.18,1027.29,Low level,external
Region of Southern Denmark,2022-06-09,2022-W23,623.85,473.56,821.82,Low level,external
Capital Region of Denmark,2022-06-16,2022-W24,4839.4,3755.42,6236.27,Medium level,external
Central Denmark Region,2022-06-16,2022-W24,2194.73,1794.04,2684.93,Medium level,external
North Denmark Region,2022-06-16,2022-W24,1447.49,1021.44,2051.24,Low level,external
Region Zealand,2022-06-16,2022-W24,2601.44,2062.33,3281.48,Medium level,external
Region of Southern Denmark,2022-06-16,2022-W24,1215.99,943.75,1566.76,Low level,external
Capital Region of Denmark,2022-06-23,2022-W25,5760.7,4546.12,7299.77,Medium level,external
Central Denmark Region,2022-06-23,2022-W25,3289.82,2734.83,3957.45,Medium level,external
North Denmark Region,2022-06-23,2022-W25,2319.14,1642,3275.53,Medium level,external
Region Zealand,2022-06-23,2022-W25,3696.17,2953.76,4625.18,Medium level,external
Region of Southern Denmark,2022-06-23,2022-W25,2492.85,2124.74,2924.74,Medium level,external
Capital Region of Denmark,2022-06-30,2022-W26,2885.43,2134.31,3900.9,Medium level,external
Central Denmark Region,2022-06-30,2022-W26,1780.62,1437.12,2206.22,Low level,external
North Denmark Region,2022-06-30,2022-W26,1468.4,1074.73,2006.28,Low level,external
Region Zealand,2022-06-30,2022-W26,2291.41,1848.54,2840.38,Medium level,external
Region of Southern Denmark,2022-06-30,2022-W26,1956.1,1589.11,2407.84,Medium level,external
Capital Region of Denmark,2022-07-07,2022-W27,7590.36,6004.05,9595.78,High level,external
Central Denmark Region,2022-07-07,2022-W27,3810.14,3158.78,4595.82,Medium level,external
North Denmark Region,2022-07-07,2022-W27,3520.97,2362.02,5248.58,Medium level,external
Region Zealand,2022-07-07,2022-W27,4673.14,3741.14,5837.32,Medium level,external
Region of Southern Denmark,2022-07-07,2022-W27,3575.09,2979.29,4290.03,Medium level,external
Capital Region of Denmark,2022-07-14,2022-W28,6723.41,4628.82,9765.81,Medium level,external
Central Denmark Region,2022-07-14,2022-W28,5138.42,4193.93,6295.6,Medium level,external
North Denmark Region,2022-07-14,2022-W28,5922.92,4482.03,7827.02,Medium level,external
Region Zealand,2022-07-14,2022-W28,4943.97,3723.24,6564.94,Medium level,external
Region of Southern Denmark,2022-07-14,2022-W28,5200.75,4226.67,6399.32,Medium level,external
Capital Region of Denmark,2022-07-21,2022-W29,5821.37,4136.13,8193.26,Medium level,external
Central Denmark Region,2022-07-21,2022-W29,5378.16,3550.45,8146.74,Medium level,external
North Denmark Region,2022-07-21,2022-W29,4917.5,2687.45,8998.07,Medium level,external
Region Zealand,2022-07-21,2022-W29,5544.34,3548.28,8663.27,Medium level,external
Region of Southern Denmark,2022-07-21,2022-W29,4172.64,2985.76,5831.33,Medium level,external
Capital Region of Denmark,2022-07-28,2022-W30,5240.32,4416.43,6217.91,Medium level,external
Central Denmark Region,2022-07-28,2022-W30,3856.58,3021.48,4922.49,Medium level,external
North Denmark Region,2022-07-28,2022-W30,3058.55,1791.96,5220.39,Medium level,external
Region Zealand,2022-07-28,2022-W30,4204.39,3382.27,5226.33,Medium level,external
Region of Southern Denmark,2022-07-28,2022-W30,4292.74,3521.84,5232.37,Medium level,external
Capital Region of Denmark,2022-08-04,2022-W31,5366.73,4119.65,6991.31,Medium level,external
Central Denmark Region,2022-08-04,2022-W31,4519.09,3628.39,5628.44,Medium level,external
North Denmark Region,2022-08-04,2022-W31,4754.81,3260.19,6934.65,Medium level,external
Region Zealand,2022-08-04,2022-W31,5681.46,4597.85,7020.45,Medium level,external
Region of Southern Denmark,2022-08-04,2022-W31,4905.18,3918.48,6140.35,Medium level,external
Capital Region of Denmark,2022-08-11,2022-W32,5468.29,4293.39,6964.7,Medium level,external
Central Denmark Region,2022-08-11,2022-W32,8212.95,6152.74,10963,High level,external
North Denmark Region,2022-08-11,2022-W32,5302.92,3380.31,8319.03,Medium level,external
Region Zealand,2022-08-11,2022-W32,4537.73,3308.84,6223.03,Medium level,external
Region of Southern Denmark,2022-08-11,2022-W32,3823.15,2890.1,5057.43,Medium level,external
Capital Region of Denmark,2022-08-18,2022-W33,3495.07,2684.72,4550.02,Medium level,external
Central Denmark Region,2022-08-18,2022-W33,4224.13,3340.45,5341.58,Medium level,external
North Denmark Region,2022-08-18,2022-W33,4470.76,3385.8,5903.4,Medium level,external
Region Zealand,2022-08-18,2022-W33,3382.08,2506.42,4563.67,Medium level,external
Region of Southern Denmark,2022-08-18,2022-W33,2962.23,2339.17,3751.24,Medium level,external
Capital Region of Denmark,2022-08-25,2022-W34,2947.04,2374.89,3657.02,Medium level,external
Central Denmark Region,2022-08-25,2022-W34,3744.8,2930.82,4784.85,Medium level,external
North Denmark Region,2022-08-25,2022-W34,3564.69,2805.95,4528.6,Medium level,external
Region Zealand,2022-08-25,2022-W34,2576.43,1782.2,3724.59,Medium level,external
Region of Southern Denmark,2022-08-25,2022-W34,2525.95,1878.51,3396.53,Medium level,external
Capital Region of Denmark,2022-09-01,2022-W35,2388.15,1680.34,3394.11,Medium level,external
Central Denmark Region,2022-09-01,2022-W35,2697.16,2014.14,3611.8,Medium level,external
North Denmark Region,2022-09-01,2022-W35,2352.36,1797.02,3079.32,Medium level,external
Region Zealand,2022-09-01,2022-W35,1948.75,1483.31,2560.25,Medium level,external
Region of Southern Denmark,2022-09-01,2022-W35,1739.8,1321.18,2291.06,Low level,external
Capital Region of Denmark,2022-09-08,2022-W36,2966.8,2250.18,3911.64,Medium level,external
Central Denmark Region,2022-09-08,2022-W36,2744.4,2054.67,3665.66,Medium level,external
North Denmark Region,2022-09-08,2022-W36,2995.09,2171.6,4130.86,Medium level,external
Region Zealand,2022-09-08,2022-W36,2287.13,1796.5,2911.75,Medium level,external
Region of Southern Denmark,2022-09-08,2022-W36,1572.86,1190.29,2078.37,Low level,external
Capital Region of Denmark,2022-09-15,2022-W37,2209.97,1617.29,3019.87,Medium level,external
Central Denmark Region,2022-09-15,2022-W37,1777.73,1399.64,2257.96,Low level,external
North Denmark Region,2022-09-15,2022-W37,2891,1847.26,4524.48,Medium level,external
Region Zealand,2022-09-15,2022-W37,1761.07,1108.84,2796.95,Low level,external
Region of Southern Denmark,2022-09-15,2022-W37,1725.66,1141.34,2609.11,Low level,external
Capital Region of Denmark,2022-09-22,2022-W38,3389.5,2746.44,4183.13,Medium level,external
Central Denmark Region,2022-09-22,2022-W38,2280.69,1738.06,2992.73,Medium level,external
North Denmark Region,2022-09-22,2022-W38,2753.37,1878.75,4035.15,Medium level,external
Region Zealand,2022-09-22,2022-W38,2187.48,1449.93,3300.22,Medium level,external
Region of Southern Denmark,2022-09-22,2022-W38,2442.83,1768.92,3373.48,Medium level,external
Capital Region of Denmark,2022-09-29,2022-W39,2888.35,2208.4,3777.66,Medium level,external
Central Denmark Region,2022-09-29,2022-W39,3091.68,2527.07,3782.45,Medium level,external
North Denmark Region,2022-09-29,2022-W39,2286.42,1451.38,3601.89,Medium level,external
Region Zealand,2022-09-29,2022-W39,2780.52,2192.49,3526.25,Medium level,external
Region of Southern Denmark,2022-09-29,2022-W39,3181.2,2456.71,4119.34,Medium level,external
Capital Region of Denmark,2022-10-06,2022-W40,4510.33,3329.13,6110.62,Medium level,external
Central Denmark Region,2022-10-06,2022-W40,5819.4,5060.8,6691.72,Medium level,external
North Denmark Region,2022-10-06,2022-W40,4908.6,3633.61,6630.98,Medium level,external
Region Zealand,2022-10-06,2022-W40,5174.49,3856.3,6943.28,Medium level,external
Region of Southern Denmark,2022-10-06,2022-W40,5954.01,5014.59,7069.4,Medium level,external
Capital Region of Denmark,2022-10-13,2022-W41,6429.89,5324.57,7764.65,Medium level,external
Central Denmark Region,2022-10-13,2022-W41,5759.32,4270.24,7767.65,Medium level,external
North Denmark Region,2022-10-13,2022-W41,5648.99,4274.95,7464.65,Medium level,external
Region Zealand,2022-10-13,2022-W41,6263.94,5215.91,7522.56,Medium level,external
Region of Southern Denmark,2022-10-13,2022-W41,6442.7,5200.51,7981.6,Medium level,external
Capital Region of Denmark,2022-10-20,2022-W42,5172.42,4282.39,6247.42,Medium level,external
Central Denmark Region,2022-10-20,2022-W42,5980.67,4989.85,7168.23,Medium level,external
North Denmark Region,2022-10-20,2022-W42,5045.19,3682.97,6911.25,Medium level,external
Region Zealand,2022-10-20,2022-W42,4169.29,3026.55,5743.5,Medium level,external
Region of Southern Denmark,2022-10-20,2022-W42,4553.57,3385.16,6125.27,Medium level,external
Capital Region of Denmark,2022-10-27,2022-W43,4234.58,3504.09,5117.36,Medium level,external
Central Denmark Region,2022-10-27,2022-W43,3510.61,2952.73,4173.88,Medium level,external
North Denmark Region,2022-10-27,2022-W43,3480.49,2684.25,4512.91,Medium level,external
Region Zealand,2022-10-27,2022-W43,3491,2641.19,4614.23,Medium level,external
Region of Southern Denmark,2022-10-27,2022-W43,3656.66,2923.4,4573.86,Medium level,external
Capital Region of Denmark,2022-11-03,2022-W44,3016.56,2515.22,3617.82,Medium level,external
Central Denmark Region,2022-11-03,2022-W44,2138.85,1725.7,2650.91,Medium level,external
North Denmark Region,2022-11-03,2022-W44,2400.89,1809.8,3185.04,Medium level,external
Region Zealand,2022-11-03,2022-W44,2107.28,1582.85,2805.48,Medium level,external
Region of Southern Denmark,2022-11-03,2022-W44,1558.17,1218.59,1992.38,Low level,external
Capital Region of Denmark,2022-11-10,2022-W45,2790.71,2259.13,3447.37,Medium level,external
Central Denmark Region,2022-11-10,2022-W45,1733.79,1319.09,2278.86,Low level,external
North Denmark Region,2022-11-10,2022-W45,1785.43,1090.63,2922.86,Low level,external
Region Zealand,2022-11-10,2022-W45,1966.28,1360.73,2841.32,Medium level,external
Region of Southern Denmark,2022-11-10,2022-W45,1437.91,1122.27,1842.33,Low level,external
Capital Region of Denmark,2022-11-17,2022-W46,2598.99,1940.67,3480.63,Medium level,external
Central Denmark Region,2022-11-17,2022-W46,2255.44,1764.18,2883.5,Medium level,external
North Denmark Region,2022-11-17,2022-W46,1898.86,1336.75,2697.33,Medium level,external
Region Zealand,2022-11-17,2022-W46,1382,863.53,2211.76,Low level,external
Region of Southern Denmark,2022-11-17,2022-W46,1247.56,907.82,1714.46,Low level,external
Capital Region of Denmark,2022-11-24,2022-W47,3774.95,2900.14,4913.63,Medium level,external
Central Denmark Region,2022-11-24,2022-W47,3116.78,2347.15,4138.78,Medium level,external
North Denmark Region,2022-11-24,2022-W47,2868.59,2104.66,3909.79,Medium level,external
Region Zealand,2022-11-24,2022-W47,2144.39,1624.25,2831.1,Medium level,external
Region of Southern Denmark,2022-11-24,2022-W47,2112.96,1632.98,2734,Medium level,external
Capital Region of Denmark,2022-12-01,2022-W48,5880.9,4607.42,7506.38,Medium level,external
Central Denmark Region,2022-12-01,2022-W48,4846.04,3888.09,6040,Medium level,external
North Denmark Region,2022-12-01,2022-W48,4908.78,3787.77,6361.55,Medium level,external
Region Zealand,2022-12-01,2022-W48,2492.24,1877.9,3307.55,Medium level,external
Region of Southern Denmark,2022-12-01,2022-W48,3386.16,2696.26,4252.58,Medium level,external
Capital Region of Denmark,2022-12-08,2022-W49,10321.71,8710.84,12230.47,High level,external
Central Denmark Region,2022-12-08,2022-W49,11263.11,9475.45,13388.03,High level,external
North Denmark Region,2022-12-08,2022-W49,10574.47,8508.35,13142.32,High level,external
Region Zealand,2022-12-08,2022-W49,6873.43,5034.26,9384.51,Medium level,external
Region of Southern Denmark,2022-12-08,2022-W49,7777.62,6163.33,9814.73,High level,external
Capital Region of Denmark,2022-12-15,2022-W50,17179.97,13351.78,22105.77,High level,external
Central Denmark Region,2022-12-15,2022-W50,11786.19,8877.1,15648.61,High level,external
North Denmark Region,2022-12-15,2022-W50,15763.43,12597.2,19725.48,High level,external
Region Zealand,2022-12-15,2022-W50,7972.28,5889.67,10791.32,High level,external
Region of Southern Denmark,2022-12-15,2022-W50,10821.89,9085.29,12890.42,High level,external
Capital Region of Denmark,2022-12-22,2022-W51,12183.05,9659.35,15366.11,High level,external
Central Denmark Region,2022-12-22,2022-W51,10758.15,8804.31,13145.58,High level,external
North Denmark Region,2022-12-22,2022-W51,12727.83,9904.7,16355.63,High level,external
Region Zealand,2022-12-22,2022-W51,11167.82,8907.17,14002.24,High level,external
Region of Southern Denmark,2022-12-22,2022-W51,10127.5,8258.6,12419.33,High level,external
Capital Region of Denmark,2022-12-29,2022-W52,14901.81,11621.18,19108.56,High level,external
Central Denmark Region,2022-12-29,2022-W52,16057.34,14061.94,18335.88,High level,external
North Denmark Region,2022-12-29,2022-W52,10758.32,4942.02,23419.89,High level,external
Region Zealand,2022-12-29,2022-W52,13170.71,10950.7,15840.77,High level,external
Region of Southern Denmark,2022-12-29,2022-W52,12568.68,9329.89,16931.78,High level,external
Capital Region of Denmark,2023-01-05,2023-W01,5005.52,3734.45,6709.21,Medium level,external
Central Denmark Region,2023-01-05,2023-W01,5138.37,3727.86,7082.57,Medium level,external
North Denmark Region,2023-01-05,2023-W01,4801.44,3212.54,7176.22,Medium level,external
Region Zealand,2023-01-05,2023-W01,4697.23,3655.57,6035.71,Medium level,external
Region of Southern Denmark,2023-01-05,2023-W01,4743.39,3839.06,5860.75,Medium level,external
Capital Region of Denmark,2023-01-12,2023-W02,3463.16,2686.82,4463.82,Medium level,external
Central Denmark Region,2023-01-12,2023-W02,4610.77,3820.88,5563.94,Medium level,external
North Denmark Region,2023-01-12,2023-W02,5696.18,4350.28,7458.49,Medium level,external
Region Zealand,2023-01-12,2023-W02,3506.39,2795.93,4397.39,Medium level,external
Region of Southern Denmark,2023-01-12,2023-W02,2515.21,1858.89,3403.25,Medium level,external
Capital Region of Denmark,2023-01-19,2023-W03,1025.41,709.7,1481.56,Low level,external
Central Denmark Region,2023-01-19,2023-W03,1487.05,1111.67,1989.2,Low level,external
North Denmark Region,2023-01-19,2023-W03,1039.56,598.1,1806.84,Low level,external
Region Zealand,2023-01-19,2023-W03,1539.21,1057.06,2241.28,Low level,external
Region of Southern Denmark,2023-01-19,2023-W03,1439.06,1127.96,1835.97,Low level,external
Capital Region of Denmark,2023-01-26,2023-W04,961.51,724.82,1275.49,Low level,external
Central Denmark Region,2023-01-26,2023-W04,1622.65,1245.01,2114.82,Low level,external
North Denmark Region,2023-01-26,2023-W04,875.29,592.27,1293.54,Low level,external
Region Zealand,2023-01-26,2023-W04,902.82,576.11,1414.82,Low level,external
Region of Southern Denmark,2023-01-26,2023-W04,1513.15,1161.16,1971.83,Low level,external
Capital Region of Denmark,2023-02-02,2023-W05,1438.29,1073.39,1927.25,Low level,external
Central Denmark Region,2023-02-02,2023-W05,1480.83,1110.04,1975.49,Low level,external
North Denmark Region,2023-02-02,2023-W05,1089.85,751.43,1580.7,Low level,external
Region Zealand,2023-02-02,2023-W05,1295.52,866.42,1937.12,Low level,external
Region of Southern Denmark,2023-02-02,2023-W05,1284.77,957.6,1723.71,Low level,external
Capital Region of Denmark,2023-02-09,2023-W06,2163.23,1397.06,3349.59,Medium level,external
Central Denmark Region,2023-02-09,2023-W06,2851.8,1799.06,4520.57,Medium level,external
North Denmark Region,2023-02-09,2023-W06,2039.62,1033.66,4024.55,Medium level,external
Region Zealand,2023-02-09,2023-W06,1121.22,668.04,1881.81,Low level,external
Region of Southern Denmark,2023-02-09,2023-W06,2047.73,1258.5,3331.88,Medium level,external
Capital Region of Denmark,2023-02-16,2023-W07,2314.59,1774.2,3019.56,Medium level,external
Central Denmark Region,2023-02-16,2023-W07,3116.88,2684.65,3618.7,Medium level,external
North Denmark Region,2023-02-16,2023-W07,3149.56,1997.25,4966.7,Medium level,external
Region Zealand,2023-02-16,2023-W07,1688.65,1231.07,2316.31,Low level,external
Region of Southern Denmark,2023-02-16,2023-W07,919.8,498.27,1697.91,Low level,external
Capital Region of Denmark,2023-02-23,2023-W08,1823.36,1255.31,2648.46,Low level,external
Central Denmark Region,2023-02-23,2023-W08,1849.89,1258.77,2718.61,Medium level,external
North Denmark Region,2023-02-23,2023-W08,1610.13,652.72,3971.87,Low level,external
Region Zealand,2023-02-23,2023-W08,1795.78,900.79,3580,Low level,external
Region of Southern Denmark,2023-02-23,2023-W08,1378.71,761.67,2495.63,Low level,external
Capital Region of Denmark,2023-03-02,2023-W09,2580.95,1764.14,3775.95,Medium level,external
Central Denmark Region,2023-03-02,2023-W09,3764.43,2657.37,5332.71,Medium level,external
North Denmark Region,2023-03-02,2023-W09,2432.41,1222.96,4837.96,Medium level,external
Region Zealand,2023-03-02,2023-W09,1726.33,1050.96,2835.71,Low level,external
Region of Southern Denmark,2023-03-02,2023-W09,1120.92,633.74,1982.63,Low level,external
Capital Region of Denmark,2023-03-09,2023-W10,3722.04,2677.12,5174.81,Medium level,external
Central Denmark Region,2023-03-09,2023-W10,4973.6,3489.72,7088.43,Medium level,external
North Denmark Region,2023-03-09,2023-W10,3646.74,1722.9,7718.83,Medium level,external
Region Zealand,2023-03-09,2023-W10,2558.19,1568.25,4173.01,Medium level,external
Region of Southern Denmark,2023-03-09,2023-W10,2745.18,1790.95,4207.82,Medium level,external
Capital Region of Denmark,2023-03-16,2023-W11,4218.97,2819.31,6313.52,Medium level,external
Central Denmark Region,2023-03-16,2023-W11,5969.74,4821.02,7392.18,Medium level,external
North Denmark Region,2023-03-16,2023-W11,3973.07,1863.72,8469.81,Medium level,external
Region Zealand,2023-03-16,2023-W11,3787.07,2291.34,6259.19,Medium level,external
Region of Southern Denmark,2023-03-16,2023-W11,2230.35,1201.03,4141.81,Medium level,external
Capital Region of Denmark,2023-03-23,2023-W12,6668.34,5233.32,8496.84,Medium level,external
Central Denmark Region,2023-03-23,2023-W12,6943.67,5694.78,8466.44,Medium level,external
North Denmark Region,2023-03-23,2023-W12,6240.49,4317.13,9020.75,Medium level,external
Region Zealand,2023-03-23,2023-W12,4056.84,2217.07,7423.28,Medium level,external
Region of Southern Denmark,2023-03-23,2023-W12,4948.38,3451.27,7094.9,Medium level,external
Capital Region of Denmark,2023-03-30,2023-W13,5035.96,4277.77,5928.54,Medium level,external
Central Denmark Region,2023-03-30,2023-W13,5891.88,4211.03,8243.64,Medium level,external
North Denmark Region,2023-03-30,2023-W13,4707.22,3511.14,6310.75,Medium level,external
Region Zealand,2023-03-30,2023-W13,4553.23,2130.48,9731.1,Medium level,external
Region of Southern Denmark,2023-03-30,2023-W13,3584.16,2451.14,5240.89,Medium level,external
Capital Region of Denmark,2023-04-06,2023-W14,6122.35,4061.74,9228.35,Medium level,SSI
Central Denmark Region,2023-04-06,2023-W14,5414.36,4828.96,6070.74,Medium level,SSI
North Denmark Region,2023-04-06,2023-W14,6617.68,4391.83,9971.63,Medium level,SSI
Region Zealand,2023-04-06,2023-W14,4895.11,3000.28,7986.63,Medium level,SSI
Region of Southern Denmark,2023-04-06,2023-W14,4721.15,3651.72,6103.76,Medium level,SSI
Capital Region of Denmark,2023-04-13,2023-W15,6312.36,5420.59,7350.84,Medium level,SSI
Central Denmark Region,2023-04-13,2023-W15,6904.22,5436.88,8767.58,Medium level,SSI
North Denmark Region,2023-04-13,2023-W15,15051.65,13517.09,16760.42,High level,SSI
Region Zealand,2023-04-13,2023-W15,8022.59,5907.26,10895.4,High level,SSI
Region of Southern Denmark,2023-04-13,2023-W15,7470.36,6050.5,9223.41,High level,SSI
Capital Region of Denmark,2023-04-20,2023-W16,3189.4,2602.94,3908,Medium level,SSI
Central Denmark Region,2023-04-20,2023-W16,3531.91,2926.56,4262.47,Medium level,SSI
North Denmark Region,2023-04-20,2023-W16,7576.73,5150.25,11146.4,High level,SSI
Region Zealand,2023-04-20,2023-W16,4893.15,3691.77,6485.49,Medium level,SSI
Region of Southern Denmark,2023-04-20,2023-W16,2955.98,2095.75,4169.3,Medium level,SSI
Capital Region of Denmark,2023-04-27,2023-W17,3938.1,3287.07,4718.06,Medium level,SSI
Central Denmark Region,2023-04-27,2023-W17,4508.4,3529.02,5759.58,Medium level,SSI
North Denmark Region,2023-04-27,2023-W17,7300.95,5048.78,10557.78,Medium level,SSI
Region Zealand,2023-04-27,2023-W17,3532.78,2551.76,4890.93,Medium level,SSI
Region of Southern Denmark,2023-04-27,2023-W17,4922.11,4023.76,6021.03,Medium level,SSI
Capital Region of Denmark,2023-05-04,2023-W18,3558.8,2296.98,5513.79,Medium level,SSI
Central Denmark Region,2023-05-04,2023-W18,3380.99,2594.04,4406.69,Medium level,SSI
North Denmark Region,2023-05-04,2023-W18,5989.99,4109.59,8730.79,Medium level,SSI
Region Zealand,2023-05-04,2023-W18,3613.86,1693.72,7710.83,Medium level,SSI
Region of Southern Denmark,2023-05-04,2023-W18,4276.18,3297.31,5545.65,Medium level,SSI
Capital Region of Denmark,2023-05-11,2023-W19,2052.74,1677.83,2511.42,Medium level,SSI
Central Denmark Region,2023-05-11,2023-W19,1872.79,1388.21,2526.52,Medium level,SSI
North Denmark Region,2023-05-11,2023-W19,2916.17,1798.12,4729.41,Medium level,SSI
Region Zealand,2023-05-11,2023-W19,1941.88,1199.76,3143.05,Medium level,SSI
Region of Southern Denmark,2023-05-11,2023-W19,2377.28,1918.21,2946.22,Medium level,SSI
Capital Region of Denmark,2023-05-18,2023-W20,4096.87,3306.87,5075.61,Medium level,SSI
Central Denmark Region,2023-05-18,2023-W20,3154.44,1812.18,5490.9,Medium level,SSI
North Denmark Region,2023-05-18,2023-W20,3308.6,2197.6,4981.28,Medium level,SSI
Region Zealand,2023-05-18,2023-W20,2144.16,1455.83,3157.92,Medium level,SSI
Region of Southern Denmark,2023-05-18,2023-W20,3233.34,2242.92,4661.11,Medium level,SSI
Capital Region of Denmark,2023-05-25,2023-W21,1369.96,990.74,1894.33,Low level,SSI
Central Denmark Region,2023-05-25,2023-W21,1877.23,1198.49,2940.36,Medium level,SSI
North Denmark Region,2023-05-25,2023-W21,1684.43,1314.44,2158.57,Low level,SSI
Region Zealand,2023-05-25,2023-W21,1320.35,728.32,2393.65,Low level,SSI
Region of Southern Denmark,2023-05-25,2023-W21,2313.72,1639.9,3264.4,Medium level,SSI
Capital Region of Denmark,2023-06-01,2023-W22,1390.79,1174.49,1646.94,Low level,SSI
Central Denmark Region,2023-06-01,2023-W22,1399.63,909.73,2153.33,Low level,SSI
North Denmark Region,2023-06-01,2023-W22,2213.19,1227.52,3990.35,Medium level,SSI
Region Zealand,2023-06-01,2023-W22,2002.42,1625.24,2467.13,Medium level,SSI
Region of Southern Denmark,2023-06-01,2023-W22,1953.99,1137.37,3356.95,Medium level,SSI
Capital Region of Denmark,2023-06-08,2023-W23,590.81,257.98,1353.04,Low level,SSI
Central Denmark Region,2023-06-08,2023-W23,521.56,285.79,951.85,Low level,SSI
North Denmark Region,2023-06-08,2023-W23,568.11,537.52,600.44,Low level,SSI
Region Zealand,2023-06-08,2023-W23,490.54,256.52,938.06,Low level,SSI
Region of Southern Denmark,2023-06-08,2023-W23,627.22,446.29,881.5,Low level,SSI
Capital Region of Denmark,2023-06-15,2023-W24,415.02,336.32,512.15,Very low level,SSI
Central Denmark Region,2023-06-15,2023-W24,614.55,480.64,785.76,Low level,SSI
North Denmark Region,2023-06-15,2023-W24,500.96,383.67,654.1,Low level,SSI
Region Zealand,2023-06-15,2023-W24,289.41,212.63,393.93,Very low level,SSI
Region of Southern Denmark,2023-06-15,2023-W24,644.53,478.19,868.72,Low level,SSI
Capital Region of Denmark,2023-06-22,2023-W25,192.71,149.49,248.43,Very low level,SSI
Central Denmark Region,2023-06-22,2023-W25,372.72,307.62,451.59,Very low level,SSI
North Denmark Region,2023-06-22,2023-W25,162.95,127.26,208.67,Very low level,SSI
Region Zealand,2023-06-22,2023-W25,148.17,99.06,221.61,Very low level,SSI
Region of Southern Denmark,2023-06-22,2023-W25,226.67,164.98,311.44,Very low level,SSI
Capital Region of Denmark,2023-06-29,2023-W26,131.38,90.66,190.39,Very low level,SSI
Central Denmark Region,2023-06-29,2023-W26,188.36,134.54,263.7,Very low level,SSI
North Denmark Region,2023-06-29,2023-W26,172.24,101.15,293.28,Very low level,SSI
Region Zealand,2023-06-29,2023-W26,75.48,47.81,119.16,Very low level,SSI
Region of Southern Denmark,2023-06-29,2023-W26,187.88,137.59,256.53,Very low level,SSI
Capital Region of Denmark,2023-07-06,2023-W27,258.53,186.69,358,Very low level,SSI
Central Denmark Region,2023-07-06,2023-W27,140.95,102.04,194.69,Very low level,SSI
North Denmark Region,2023-07-06,2023-W27,150.89,81.75,278.49,Very low level,SSI
Region Zealand,2023-07-06,2023-W27,154.53,110.96,215.22,Very low level,SSI
Region of Southern Denmark,2023-07-06,2023-W27,194.16,124.31,303.26,Very low level,SSI
Capital Region of Denmark,2023-07-13,2023-W28,356.34,285.67,444.48,Very low level,SSI
Central Denmark Region,2023-07-13,2023-W28,188.45,129.26,274.75,Very low level,SSI
North Denmark Region,2023-07-13,2023-W28,131.98,75.64,230.28,Very low level,SSI
Region Zealand,2023-07-13,2023-W28,220.16,141.28,343.09,Very low level,SSI
Region of Southern Denmark,2023-07-13,2023-W28,210.16,154.47,285.91,Very low level,SSI
Capital Region of Denmark,2023-07-20,2023-W29,395.84,287.73,544.58,Very low level,SSI
Central Denmark Region,2023-07-20,2023-W29,276.74,184.53,415.03,Very low level,SSI
North Denmark Region,2023-07-20,2023-W29,324.16,168.68,622.97,Very low level,SSI
Region Zealand,2023-07-20,2023-W29,253.47,177.18,362.6,Very low level,SSI
Region of Southern Denmark,2023-07-20,2023-W29,297.83,211.34,419.72,Very low level,SSI
Capital Region of Denmark,2023-07-27,2023-W30,647.83,453.01,926.44,Low level,SSI
Central Denmark Region,2023-07-27,2023-W30,757.42,517.48,1108.61,Low level,SSI
North Denmark Region,2023-07-27,2023-W30,623.49,386.41,1006.02,Low level,SSI
Region Zealand,2023-07-27,2023-W30,452.2,334.59,611.16,Very low level,SSI
Region of Southern Denmark,2023-07-27,2023-W30,387.15,282.27,531,Very low level,SSI
Capital Region of Denmark,2023-08-03,2023-W31,726.4,557.61,946.28,Low level,SSI
Central Denmark Region,2023-08-03,2023-W31,743.04,481.38,1146.92,Low level,SSI
North Denmark Region,2023-08-03,2023-W31,651.32,463.93,914.39,Low level,SSI
Region Zealand,2023-08-03,2023-W31,519.39,336.12,802.6,Low level,SSI
Region of Southern Denmark,2023-08-03,2023-W31,446.04,315.86,629.88,Very low level,SSI
Capital Region of Denmark,2023-08-10,2023-W32,1927.56,1546.94,2401.82,Medium level,SSI
Central Denmark Region,2023-08-10,2023-W32,2059.12,1361.62,3113.91,Medium level,SSI
North Denmark Region,2023-08-10,2023-W32,1198.79,983.13,1461.75,Low level,SSI
Region Zealand,2023-08-10,2023-W32,1110.32,896.41,1375.26,Low level,SSI
Region of Southern Denmark,2023-08-10,2023-W32,1272.45,970.45,1668.43,Low level,SSI
Capital Region of Denmark,2023-08-17,2023-W33,1957.56,1468.77,2609,Medium level,SSI
Central Denmark Region,2023-08-17,2023-W33,2755.09,1985.57,3822.83,Medium level,SSI
North Denmark Region,2023-08-17,2023-W33,1978.68,1591.13,2460.62,Medium level,SSI
Region Zealand,2023-08-17,2023-W33,1618.02,1292.24,2025.94,Low level,SSI
Region of Southern Denmark,2023-08-17,2023-W33,1720.23,1314.78,2250.71,Low level,SSI
Capital Region of Denmark,2023-08-24,2023-W34,1995.05,1554.17,2560.99,Medium level,SSI
Central Denmark Region,2023-08-24,2023-W34,3150.4,2380.02,4170.15,Medium level,SSI
North Denmark Region,2023-08-24,2023-W34,3168.95,1933.26,5194.47,Medium level,SSI
Region Zealand,2023-08-24,2023-W34,3063.29,1810.44,5183.14,Medium level,SSI
Region of Southern Denmark,2023-08-24,2023-W34,2542.98,1642.39,3937.4,Medium level,SSI
Capital Region of Denmark,2023-08-31,2023-W35,1567.29,1043.9,2353.11,Low level,SSI
Central Denmark Region,2023-08-31,2023-W35,2183.25,1696.25,2810.06,Medium level,SSI
North Denmark Region,2023-08-31,2023-W35,1620.7,1339.73,1960.61,Low level,SSI
Region Zealand,2023-08-31,2023-W35,1206.15,792.23,1836.32,Low level,SSI
Region of Southern Denmark,2023-08-31,2023-W35,1913.08,1586.97,2306.2,Medium level,SSI
Capital Region of Denmark,2023-09-07,2023-W36,3082.31,2685.5,3537.75,Medium level,SSI
Central Denmark Region,2023-09-07,2023-W36,4559.33,3679.87,5648.96,Medium level,SSI
North Denmark Region,2023-09-07,2023-W36,2907.92,1978.75,4273.41,Medium level,SSI
Region Zealand,2023-09-07,2023-W36,3009.53,2053.65,4410.32,Medium level,SSI
Region of Southern Denmark,2023-09-07,2023-W36,2965.54,2395.52,3671.19,Medium level,SSI
Capital Region of Denmark,2023-09-14,2023-W37,2021.46,1544.45,2645.79,Medium level,SSI
Central Denmark Region,2023-09-14,2023-W37,2523.23,1988.54,3201.71,Medium level,SSI
North Denmark Region,2023-09-14,2023-W37,2969.45,2225.94,3961.32,Medium level,SSI
Region Zealand,2023-09-14,2023-W37,2003.51,1524.4,2633.21,Medium level,SSI
Region of Southern Denmark,2023-09-14,2023-W37,2907.19,2088.56,4046.68,Medium level,SSI
Capital Region of Denmark,2023-09-21,2023-W38,2986.87,1492.03,5979.37,Medium level,SSI
Central Denmark Region,2023-09-21,2023-W38,3577.71,2846.53,4496.7,Medium level,SSI
North Denmark Region,2023-09-21,2023-W38,5102.35,3459.99,7524.28,Medium level,SSI
Region Zealand,2023-09-21,2023-W38,1963.45,1249.81,3084.58,Medium level,SSI
Region of Southern Denmark,2023-09-21,2023-W38,3832.65,2115.21,6944.57,Medium level,SSI
Capital Region of Denmark,2023-09-28,2023-W39,2001.29,1513.93,2645.53,Medium level,SSI
Central Denmark Region,2023-09-28,2023-W39,3027.08,2486.63,3685,Medium level,SSI
North Denmark Region,2023-09-28,2023-W39,3631.77,2719.34,4850.35,Medium level,SSI
Region Zealand,2023-09-28,2023-W39,1917.13,1232.81,2981.3,Medium level,SSI
Region of Southern Denmark,2023-09-28,2023-W39,3203.43,2320.2,4422.88,Medium level,SSI
Capital Region of Denmark,2023-10-05,2023-W40,3344.36,2662.39,4201.01,Medium level,SSI
Central Denmark Region,2023-10-05,2023-W40,4808.57,3747.64,6169.84,Medium level,SSI
North Denmark Region,2023-10-05,2023-W40,5758.48,3822.88,8674.12,Medium level,SSI
Region Zealand,2023-10-05,2023-W40,3799.7,2388.04,6045.85,Medium level,SSI
Region of Southern Denmark,2023-10-05,2023-W40,4521.32,3441.06,5940.71,Medium level,SSI
Capital Region of Denmark,2023-10-12,2023-W41,3248.33,2415.54,4368.23,Medium level,SSI
Central Denmark Region,2023-10-12,2023-W41,5148.47,4233.92,6260.57,Medium level,SSI
North Denmark Region,2023-10-12,2023-W41,4944.94,3551.97,6884.18,Medium level,SSI
Region Zealand,2023-10-12,2023-W41,2469.5,1907.57,3196.96,Medium level,SSI
Region of Southern Denmark,2023-10-12,2023-W41,5190.25,4054.81,6643.65,Medium level,SSI
Capital Region of Denmark,2023-10-19,2023-W42,6591.7,5320.13,8167.19,Medium level,SSI
Central Denmark Region,2023-10-19,2023-W42,10188.53,8592.63,12080.83,High level,SSI
North Denmark Region,2023-10-19,2023-W42,12494.75,9853.1,15844.63,High level,SSI
Region Zealand,2023-10-19,2023-W42,5356.83,4431.04,6476.05,Medium level,SSI
Region of Southern Denmark,2023-10-19,2023-W42,11612.99,7873.37,17128.83,High level,SSI
Capital Region of Denmark,2023-10-26,2023-W43,8867.2,6519.03,12061.19,High level,SSI
Central Denmark Region,2023-10-26,2023-W43,12207.45,9269.94,16075.8,High level,SSI
North Denmark Region,2023-10-26,2023-W43,11406.58,8734.88,14895.47,High level,SSI
Region Zealand,2023-10-26,2023-W43,6465.51,4653.85,8982.43,Medium level,SSI
Region of Southern Denmark,2023-10-26,2023-W43,12905.64,9594.31,17359.83,High level,SSI
Capital Region of Denmark,2023-11-02,2023-W44,12285.45,11153.13,13532.72,High level,SSI
Central Denmark Region,2023-11-02,2023-W44,13356.31,11040.16,16158.38,High level,SSI
North Denmark Region,2023-11-02,2023-W44,14394.5,10334.63,20049.26,High level,SSI
Region Zealand,2023-11-02,2023-W44,11789.85,9641.2,14417.35,High level,SSI
Region of Southern Denmark,2023-11-02,2023-W44,15261.42,12215.66,19066.6,High level,SSI
Capital Region of Denmark,2023-11-09,2023-W45,12234.64,10125.81,14782.68,High level,SSI
Central Denmark Region,2023-11-09,2023-W45,17778.7,13275.61,23809.23,High level,SSI
North Denmark Region,2023-11-09,2023-W45,22245.06,18222.22,27156,High level,SSI
Region Zealand,2023-11-09,2023-W45,13286.89,10462.96,16873.01,High level,SSI
Region of Southern Denmark,2023-11-09,2023-W45,16144.7,13050.74,19972.15,High level,SSI
Capital Region of Denmark,2023-11-16,2023-W46,10455.73,8946.33,12219.8,High level,SSI
Central Denmark Region,2023-11-16,2023-W46,13458.53,10827.73,16728.52,High level,SSI
North Denmark Region,2023-11-16,2023-W46,21916.84,16911.61,28403.44,High level,SSI
Region Zealand,2023-11-16,2023-W46,13839.96,11520.13,16626.94,High level,SSI
Region of Southern Denmark,2023-11-16,2023-W46,16205.54,12650.7,20759.29,High level,SSI
Capital Region of Denmark,2023-11-23,2023-W47,16945.12,14136.3,20312.03,High level,SSI
Central Denmark Region,2023-11-23,2023-W47,23751.4,19887,28366.71,High level,SSI
North Denmark Region,2023-11-23,2023-W47,31088.3,26353.53,36673.72,Very high level,SSI
Region Zealand,2023-11-23,2023-W47,21359.39,17000.8,26835.41,High level,SSI
Region of Southern Denmark,2023-11-23,2023-W47,19057.03,14977.9,24247.07,High level,SSI
Capital Region of Denmark,2023-11-30,2023-W48,25301.9,19403.97,32992.54,High level,SSI
Central Denmark Region,2023-11-30,2023-W48,33124.06,23539.09,46611.97,Very high level,SSI
North Denmark Region,2023-11-30,2023-W48,38804.33,27981.7,53812.87,Very high level,SSI
Region Zealand,2023-11-30,2023-W48,31336.99,22949.23,42790.41,Very high level,SSI
Region of Southern Denmark,2023-11-30,2023-W48,29667.48,22816.56,38575.46,Very high level,SSI
Capital Region of Denmark,2023-12-07,2023-W49,51141.9,42565.19,61446.77,Very high level,SSI
Central Denmark Region,2023-12-07,2023-W49,62324.19,45350.18,85651.36,Very high level,SSI
North Denmark Region,2023-12-07,2023-W49,90152.68,58506.31,138916.73,Very high level,SSI
Region Zealand,2023-12-07,2023-W49,51716.47,42366.24,63130.3,Very high level,SSI
Region of Southern Denmark,2023-12-07,2023-W49,60231.63,47220.13,76828.45,Very high level,SSI
Capital Region of Denmark,2023-12-14,2023-W50,54720.39,45901.34,65233.86,Very high level,SSI
Central Denmark Region,2023-12-14,2023-W50,58274.81,43741.61,77636.67,Very high level,SSI
North Denmark Region,2023-12-14,2023-W50,60789.33,50713.71,72866.73,Very high level,SSI
Region Zealand,2023-12-14,2023-W50,52051.1,45706.36,59276.58,Very high level,SSI
Region of Southern Denmark,2023-12-14,2023-W50,47520.12,39918.26,56569.66,Very high level,SSI
Capital Region of Denmark,2023-12-21,2023-W51,47884.83,36499.19,62822.12,Very high level,SSI
Central Denmark Region,2023-12-21,2023-W51,55365.14,48090.36,63740.4,Very high level,SSI
North Denmark Region,2023-12-21,2023-W51,50725.04,37085.26,69381.47,Very high level,SSI
Region Zealand,2023-12-21,2023-W51,49772.73,41718.05,59382.55,Very high level,SSI
Region of Southern Denmark,2023-12-21,2023-W51,57819.35,43458.92,76925,Very high level,SSI
Capital Region of Denmark,2023-12-28,2023-W52,25537.02,21689.29,30067.35,High level,SSI
Central Denmark Region,2023-12-28,2023-W52,38018.28,30616.41,47209.64,Very high level,SSI
North Denmark Region,2023-12-28,2023-W52,58078.24,20412.44,165246.38,Very high level,SSI
Region Zealand,2023-12-28,2023-W52,27370.04,21084.25,35529.81,High level,SSI
Region of Southern Denmark,2023-12-28,2023-W52,35828.58,26769.99,47952.47,Very high level,SSI
Capital Region of Denmark,2024-01-04,2024-W01,11781.08,NA,NA,High level,SSI
Region Zealand,2024-01-04,2024-W01,5333.04,3702.38,7681.92,Medium level,SSI
Region of Southern Denmark,2024-01-04,2024-W01,8073.45,5401.43,12067.27,High level,SSI
Capital Region of Denmark,2024-01-11,2024-W02,5182.44,3942.8,6811.82,Medium level,SSI
Central Denmark Region,2024-01-11,2024-W02,6101.55,5022.26,7412.78,Medium level,SSI
North Denmark Region,2024-01-11,2024-W02,3840.26,2641.07,5583.95,Medium level,SSI
Region Zealand,2024-01-11,2024-W02,4948.64,3678.91,6656.58,Medium level,SSI
Region of Southern Denmark,2024-01-11,2024-W02,5441.38,4229.25,7000.93,Medium level,SSI
Capital Region of Denmark,2024-01-18,2024-W03,2514.06,2137.87,2956.44,Medium level,SSI
Central Denmark Region,2024-01-18,2024-W03,4767.71,2580.74,8807.94,Medium level,SSI
North Denmark Region,2024-01-18,2024-W03,1432.68,888.81,2309.34,Low level,SSI
Region Zealand,2024-01-18,2024-W03,2281.77,1698.8,3064.79,Medium level,SSI
Region of Southern Denmark,2024-01-18,2024-W03,3554.2,2196.23,5751.83,Medium level,SSI
Capital Region of Denmark,2024-01-25,2024-W04,2000.61,1384.12,2891.68,Medium level,SSI
Central Denmark Region,2024-01-25,2024-W04,2122.79,1749.81,2575.28,Medium level,SSI
North Denmark Region,2024-01-25,2024-W04,1968.5,1193.54,3246.65,Medium level,SSI
Region Zealand,2024-01-25,2024-W04,1468.01,1119.24,1925.47,Low level,SSI
Region of Southern Denmark,2024-01-25,2024-W04,2232.33,1625.34,3066,Medium level,SSI
Capital Region of Denmark,2024-02-01,2024-W05,1204.87,1005.73,1443.44,Low level,SSI
Central Denmark Region,2024-02-01,2024-W05,2069.88,1423.76,3009.21,Medium level,SSI
North Denmark Region,2024-02-01,2024-W05,1518.96,1022.56,2256.32,Low level,SSI
Region Zealand,2024-02-01,2024-W05,1421,1164.46,1734.06,Low level,SSI
Region of Southern Denmark,2024-02-01,2024-W05,1364.48,917.4,2029.42,Low level,SSI
Capital Region of Denmark,2024-02-08,2024-W06,1271.72,1008.76,1603.23,Low level,SSI
Central Denmark Region,2024-02-08,2024-W06,1397.35,1141.36,1710.76,Low level,SSI
North Denmark Region,2024-02-08,2024-W06,954.64,723.17,1260.19,Low level,SSI
Region Zealand,2024-02-08,2024-W06,846.92,583.22,1229.85,Low level,SSI
Region of Southern Denmark,2024-02-08,2024-W06,1341.04,926.11,1941.87,Low level,SSI
Capital Region of Denmark,2024-02-15,2024-W07,884.43,628.01,1245.56,Low level,SSI
Central Denmark Region,2024-02-15,2024-W07,1718.51,1196.79,2467.65,Low level,SSI
North Denmark Region,2024-02-15,2024-W07,917.68,580.27,1451.28,Low level,SSI
Region Zealand,2024-02-15,2024-W07,1039.49,665.93,1622.59,Low level,SSI
Region of Southern Denmark,2024-02-15,2024-W07,879.48,676.36,1143.62,Low level,SSI
Capital Region of Denmark,2024-02-22,2024-W08,413.81,334.45,512,Very low level,SSI
Central Denmark Region,2024-02-22,2024-W08,764.19,637.14,916.57,Low level,SSI
North Denmark Region,2024-02-22,2024-W08,681.51,474.05,979.76,Low level,SSI
Region Zealand,2024-02-22,2024-W08,911.09,583.91,1421.6,Low level,SSI
Region of Southern Denmark,2024-02-22,2024-W08,646.86,453.31,923.04,Low level,SSI
Capital Region of Denmark,2024-02-29,2024-W09,382.64,289.16,506.34,Very low level,SSI
Central Denmark Region,2024-02-29,2024-W09,460.15,344.41,614.8,Low level,SSI
North Denmark Region,2024-02-29,2024-W09,491.11,310.72,776.23,Low level,SSI
Region Zealand,2024-02-29,2024-W09,393,222.28,694.86,Very low level,SSI
Region of Southern Denmark,2024-02-29,2024-W09,501.14,326.53,769.12,Low level,SSI
Capital Region of Denmark,2024-03-07,2024-W10,273.3,193.98,385.07,Very low level,SSI
Central Denmark Region,2024-03-07,2024-W10,375.26,232.35,606.09,Very low level,SSI
North Denmark Region,2024-03-07,2024-W10,497.69,305.67,810.31,Low level,SSI
Region Zealand,2024-03-07,2024-W10,169.5,119.45,240.5,Very low level,SSI
Region of Southern Denmark,2024-03-07,2024-W10,257.65,144.63,459.02,Very low level,SSI
Capital Region of Denmark,2024-03-14,2024-W11,474.4,279.73,804.54,Low level,SSI
Central Denmark Region,2024-03-14,2024-W11,317.45,231.54,435.23,Very low level,SSI
North Denmark Region,2024-03-14,2024-W11,212.26,145.54,309.56,Very low level,SSI
Region Zealand,2024-03-14,2024-W11,174.21,118.62,255.85,Very low level,SSI
Region of Southern Denmark,2024-03-14,2024-W11,402.17,269.84,599.4,Very low level,SSI
Capital Region of Denmark,2024-03-21,2024-W12,286.93,203.92,403.74,Very low level,SSI
Central Denmark Region,2024-03-21,2024-W12,234.72,129.8,424.48,Very low level,SSI
North Denmark Region,2024-03-21,2024-W12,201.19,136.59,296.36,Very low level,SSI
Region Zealand,2024-03-21,2024-W12,267.6,119.75,598.03,Very low level,SSI
Region of Southern Denmark,2024-03-21,2024-W12,290.56,206.52,408.81,Very low level,SSI
Capital Region of Denmark,2024-03-28,2024-W13,311.88,169.74,573.07,Very low level,SSI
Central Denmark Region,2024-03-28,2024-W13,269,115.44,626.81,Very low level,SSI
North Denmark Region,2024-03-28,2024-W13,560.9,297.71,1056.73,Low level,SSI
Region Zealand,2024-03-28,2024-W13,168.36,132.91,213.28,Very low level,SSI
Region of Southern Denmark,2024-03-28,2024-W13,252.61,172.9,369.06,Very low level,SSI
Capital Region of Denmark,2024-04-04,2024-W14,333.1,203.8,544.43,Very low level,SSI
Central Denmark Region,2024-04-04,2024-W14,284.26,218.15,370.41,Very low level,SSI
North Denmark Region,2024-04-04,2024-W14,379.54,134.23,1073.19,Very low level,SSI
Region Zealand,2024-04-04,2024-W14,363.99,243.8,543.43,Very low level,SSI
Region of Southern Denmark,2024-04-04,2024-W14,407.6,300.83,552.27,Very low level,SSI
Capital Region of Denmark,2024-04-11,2024-W15,336.55,275.59,410.99,Very low level,SSI
Central Denmark Region,2024-04-11,2024-W15,458.12,330.86,634.34,Very low level,SSI
North Denmark Region,2024-04-11,2024-W15,441.18,242.78,801.72,Very low level,SSI
Region Zealand,2024-04-11,2024-W15,302.8,193.85,473,Very low level,SSI
Region of Southern Denmark,2024-04-11,2024-W15,347.22,276.71,435.7,Very low level,SSI
Capital Region of Denmark,2024-04-18,2024-W16,215.65,108.74,427.7,Very low level,SSI
Central Denmark Region,2024-04-18,2024-W16,179.59,124.95,258.12,Very low level,SSI
North Denmark Region,2024-04-18,2024-W16,258.24,146.09,456.48,Very low level,SSI
Region Zealand,2024-04-18,2024-W16,156.98,102.61,240.16,Very low level,SSI
Region of Southern Denmark,2024-04-18,2024-W16,250.56,197.8,317.39,Very low level,SSI
Capital Region of Denmark,2024-04-25,2024-W17,423.48,302.8,592.26,Very low level,SSI
Central Denmark Region,2024-04-25,2024-W17,303.53,239.17,385.21,Very low level,SSI
North Denmark Region,2024-04-25,2024-W17,315.67,146.22,681.47,Very low level,SSI
Region Zealand,2024-04-25,2024-W17,254.79,186.46,348.15,Very low level,SSI
Region of Southern Denmark,2024-04-25,2024-W17,275.7,206.76,367.62,Very low level,SSI
Capital Region of Denmark,2024-05-02,2024-W18,566.32,400.44,800.9,Low level,SSI
Central Denmark Region,2024-05-02,2024-W18,516.95,369.48,723.29,Low level,SSI
North Denmark Region,2024-05-02,2024-W18,365.66,206.41,647.76,Very low level,SSI
Region Zealand,2024-05-02,2024-W18,269.41,136.99,529.81,Very low level,SSI
Region of Southern Denmark,2024-05-02,2024-W18,424.91,277.58,650.46,Very low level,SSI
Capital Region of Denmark,2024-05-09,2024-W19,606.95,219.68,1676.97,Low level,SSI
Central Denmark Region,2024-05-09,2024-W19,424.99,288.96,625.06,Very low level,SSI
North Denmark Region,2024-05-09,2024-W19,287.07,149.86,549.93,Very low level,SSI
Region Zealand,2024-05-09,2024-W19,440.42,264.44,733.54,Very low level,SSI
Region of Southern Denmark,2024-05-09,2024-W19,277.79,120.7,639.35,Very low level,SSI
Capital Region of Denmark,2024-05-16,2024-W20,262.84,186.2,371.03,Very low level,SSI
Central Denmark Region,2024-05-16,2024-W20,244.67,158.91,376.7,Very low level,SSI
North Denmark Region,2024-05-16,2024-W20,238.77,165.02,345.5,Very low level,SSI
Region Zealand,2024-05-16,2024-W20,307.9,235.01,403.41,Very low level,SSI
Region of Southern Denmark,2024-05-16,2024-W20,95.89,78.04,117.82,Very low level,SSI
Capital Region of Denmark,2024-05-23,2024-W21,160.82,95.06,272.07,Very low level,SSI
Central Denmark Region,2024-05-23,2024-W21,207.47,108.25,397.61,Very low level,SSI
North Denmark Region,2024-05-23,2024-W21,127.84,65.51,249.44,Very low level,SSI
Region Zealand,2024-05-23,2024-W21,126.19,69.39,229.47,Very low level,SSI
Region of Southern Denmark,2024-05-23,2024-W21,138.37,72.79,263.02,Very low level,SSI
Capital Region of Denmark,2024-05-30,2024-W22,363.95,266.84,496.4,Very low level,SSI
Central Denmark Region,2024-05-30,2024-W22,408.66,301.53,553.85,Very low level,SSI
North Denmark Region,2024-05-30,2024-W22,252.37,129.17,493.08,Very low level,SSI
Region Zealand,2024-05-30,2024-W22,286.41,221.7,370,Very low level,SSI
Region of Southern Denmark,2024-05-30,2024-W22,370.89,218.7,628.97,Very low level,SSI
Capital Region of Denmark,2024-06-06,2024-W23,453.95,206.17,999.51,Very low level,SSI
Central Denmark Region,2024-06-06,2024-W23,692.78,443.38,1082.46,Low level,SSI
North Denmark Region,2024-06-06,2024-W23,561.04,321.35,979.51,Low level,SSI
Region Zealand,2024-06-06,2024-W23,305.15,198.83,468.3,Very low level,SSI
Region of Southern Denmark,2024-06-06,2024-W23,714.95,440.9,1159.34,Low level,SSI
Capital Region of Denmark,2024-06-13,2024-W24,518.45,365.07,736.27,Low level,SSI
Central Denmark Region,2024-06-13,2024-W24,716.72,548.48,936.58,Low level,SSI
North Denmark Region,2024-06-13,2024-W24,502.25,340.14,741.6,Low level,SSI
Region Zealand,2024-06-13,2024-W24,478.44,320.87,713.4,Low level,SSI
Region of Southern Denmark,2024-06-13,2024-W24,1029.08,630.39,1679.93,Low level,SSI
Capital Region of Denmark,2024-06-20,2024-W25,935.66,660.79,1324.86,Low level,SSI
Central Denmark Region,2024-06-20,2024-W25,1408.72,832.55,2383.65,Low level,SSI
North Denmark Region,2024-06-20,2024-W25,705.1,414.12,1200.53,Low level,SSI
Region Zealand,2024-06-20,2024-W25,916.99,614.51,1368.35,Low level,SSI
Region of Southern Denmark,2024-06-20,2024-W25,632.97,478.36,837.53,Low level,SSI
Capital Region of Denmark,2024-06-27,2024-W26,850.19,564.63,1280.17,Low level,SSI
Central Denmark Region,2024-06-27,2024-W26,1921.29,1181.3,3124.81,Medium level,SSI
North Denmark Region,2024-06-27,2024-W26,803.35,596.72,1081.53,Low level,SSI
Region Zealand,2024-06-27,2024-W26,1040.71,655.05,1653.43,Low level,SSI
Region of Southern Denmark,2024-06-27,2024-W26,1020.45,715.96,1454.45,Low level,SSI
Capital Region of Denmark,2024-07-04,2024-W27,1698.71,1227.58,2350.66,Low level,SSI
Central Denmark Region,2024-07-04,2024-W27,2416.12,1657.3,3522.38,Medium level,SSI
North Denmark Region,2024-07-04,2024-W27,1543.43,1174.88,2027.59,Low level,SSI
Region Zealand,2024-07-04,2024-W27,1735.78,991.9,3037.52,Low level,SSI
Region of Southern Denmark,2024-07-04,2024-W27,2629.99,2046.65,3379.61,Medium level,SSI
Capital Region of Denmark,2024-07-11,2024-W28,3021.53,2071.26,4407.76,Medium level,SSI
Central Denmark Region,2024-07-11,2024-W28,3538.42,2855.25,4385.05,Medium level,SSI
North Denmark Region,2024-07-11,2024-W28,3913.16,2978.34,5141.38,Medium level,SSI
Region Zealand,2024-07-11,2024-W28,1873.82,1416.61,2478.6,Medium level,SSI
Region of Southern Denmark,2024-07-11,2024-W28,3368.91,2644.61,4291.6,Medium level,SSI
Capital Region of Denmark,2024-07-18,2024-W29,2243.37,1693.52,2971.74,Medium level,SSI
Central Denmark Region,2024-07-18,2024-W29,2686.36,2070.17,3485.96,Medium level,SSI
North Denmark Region,2024-07-18,2024-W29,2977.42,2124.9,4171.99,Medium level,SSI
Region Zealand,2024-07-18,2024-W29,1676.02,1312.73,2139.85,Low level,SSI
Region of Southern Denmark,2024-07-18,2024-W29,2443.57,2009.95,2970.74,Medium level,SSI
Capital Region of Denmark,2024-07-25,2024-W30,1721.51,1334.68,2220.46,Low level,SSI
Central Denmark Region,2024-07-25,2024-W30,2149.36,1562.7,2956.26,Medium level,SSI
North Denmark Region,2024-07-25,2024-W30,2867.93,2405.66,3419.02,Medium level,SSI
Region Zealand,2024-07-25,2024-W30,1401.47,984.44,1995.17,Low level,SSI
Region of Southern Denmark,2024-07-25,2024-W30,2158.47,1587.38,2935.02,Medium level,SSI
Capital Region of Denmark,2024-08-01,2024-W31,937.63,746.52,1177.66,Low level,SSI
Central Denmark Region,2024-08-01,2024-W31,1859.83,1466.85,2358.09,Medium level,SSI
North Denmark Region,2024-08-01,2024-W31,1717.55,1292.76,2281.92,Low level,SSI
Region Zealand,2024-08-01,2024-W31,939.18,781.11,1129.23,Low level,SSI
Region of Southern Denmark,2024-08-01,2024-W31,1553.04,1185.36,2034.77,Low level,SSI
Capital Region of Denmark,2024-08-08,2024-W32,1228.37,686.49,2198,Low level,SSI
Central Denmark Region,2024-08-08,2024-W32,1319.48,1017.19,1711.62,Low level,SSI
North Denmark Region,2024-08-08,2024-W32,951.51,582.02,1555.55,Low level,SSI
Region Zealand,2024-08-08,2024-W32,1052.8,866.62,1278.97,Low level,SSI
Region of Southern Denmark,2024-08-08,2024-W32,1251.32,956.53,1636.96,Low level,SSI
Capital Region of Denmark,2024-08-15,2024-W33,514.62,356.61,742.65,Low level,SSI
Central Denmark Region,2024-08-15,2024-W33,1726.3,1306.46,2281.05,Low level,SSI
North Denmark Region,2024-08-15,2024-W33,1121.14,753.59,1667.96,Low level,SSI
Region Zealand,2024-08-15,2024-W33,612.31,418.3,896.3,Low level,SSI
Region of Southern Denmark,2024-08-15,2024-W33,1257.59,938.46,1685.24,Low level,SSI
Capital Region of Denmark,2024-08-22,2024-W34,706.23,545.05,915.07,Low level,SSI
Central Denmark Region,2024-08-22,2024-W34,2565.99,1940.79,3392.59,Medium level,SSI
North Denmark Region,2024-08-22,2024-W34,1365.79,955.4,1952.48,Low level,SSI
Region Zealand,2024-08-22,2024-W34,663.73,536.02,821.87,Low level,SSI
Region of Southern Denmark,2024-08-22,2024-W34,1212.23,809.83,1814.57,Low level,SSI
Capital Region of Denmark,2024-08-29,2024-W35,1002.22,742.41,1352.95,Low level,SSI
Central Denmark Region,2024-08-29,2024-W35,3717.26,2841.72,4862.55,Medium level,SSI
North Denmark Region,2024-08-29,2024-W35,2323.13,1787.69,3018.95,Medium level,SSI
Region Zealand,2024-08-29,2024-W35,1003.24,707.43,1422.75,Low level,SSI
Region of Southern Denmark,2024-08-29,2024-W35,2372.15,1787.75,3147.59,Medium level,SSI
Capital Region of Denmark,2024-09-05,2024-W36,986.44,766.09,1270.17,Low level,SSI
Central Denmark Region,2024-09-05,2024-W36,3784.85,2867.83,4995.11,Medium level,SSI
North Denmark Region,2024-09-05,2024-W36,3219.64,2218.83,4671.88,Medium level,SSI
Region Zealand,2024-09-05,2024-W36,1120.8,780.77,1608.91,Low level,SSI
Region of Southern Denmark,2024-09-05,2024-W36,2298.72,1708.99,3091.95,Medium level,SSI
Capital Region of Denmark,2024-09-12,2024-W37,983.09,592.9,1630.08,Low level,SSI
Central Denmark Region,2024-09-12,2024-W37,2810.46,1881.11,4198.96,Medium level,SSI
North Denmark Region,2024-09-12,2024-W37,2368.9,1540.48,3642.84,Medium level,SSI
Region Zealand,2024-09-12,2024-W37,1180.87,963.24,1447.67,Low level,SSI
Region of Southern Denmark,2024-09-12,2024-W37,1914.35,1467.41,2497.41,Medium level,SSI
Capital Region of Denmark,2024-09-19,2024-W38,635.72,525.59,768.91,Low level,SSI
Central Denmark Region,2024-09-19,2024-W38,1936.33,1490.51,2515.48,Medium level,SSI
North Denmark Region,2024-09-19,2024-W38,1841.07,1246.92,2718.33,Medium level,SSI
Region Zealand,2024-09-19,2024-W38,1062.44,649.44,1738.08,Low level,SSI
Region of Southern Denmark,2024-09-19,2024-W38,1439.42,1000.39,2071.13,Low level,SSI
Capital Region of Denmark,2024-09-26,2024-W39,682.39,459.4,1013.62,Low level,SSI
Central Denmark Region,2024-09-26,2024-W39,1466.94,919.94,2339.18,Low level,SSI
North Denmark Region,2024-09-26,2024-W39,1259.39,908.46,1745.88,Low level,SSI
Region Zealand,2024-09-26,2024-W39,1006.65,777.22,1303.82,Low level,SSI
Region of Southern Denmark,2024-09-26,2024-W39,1332.68,919.94,1930.62,Low level,SSI
Capital Region of Denmark,2024-10-03,2024-W40,605.58,454.62,806.68,Low level,SSI
Central Denmark Region,2024-10-03,2024-W40,1416.24,922.32,2174.65,Low level,SSI
North Denmark Region,2024-10-03,2024-W40,1684.23,878.09,3230.48,Low level,SSI
Region Zealand,2024-10-03,2024-W40,1079.99,863.48,1350.78,Low level,SSI
Region of Southern Denmark,2024-10-03,2024-W40,1539.88,1114.42,2127.76,Low level,SSI
Capital Region of Denmark,2024-10-10,2024-W41,1412.39,854.66,2334.08,Low level,SSI
Central Denmark Region,2024-10-10,2024-W41,1758.06,1237.4,2497.81,Low level,SSI
North Denmark Region,2024-10-10,2024-W41,1878.38,1148.41,3072.35,Medium level,SSI
Region Zealand,2024-10-10,2024-W41,1277.9,1119.23,1459.06,Low level,SSI
Region of Southern Denmark,2024-10-10,2024-W41,1762.27,1226.3,2532.49,Low level,SSI
Capital Region of Denmark,2024-10-17,2024-W42,1366.26,1111.41,1679.55,Low level,SSI
Central Denmark Region,2024-10-17,2024-W42,1166.55,824.92,1649.67,Low level,SSI
North Denmark Region,2024-10-17,2024-W42,1876.56,1258.36,2798.49,Medium level,SSI
Region Zealand,2024-10-17,2024-W42,1639.22,1280.8,2097.94,Low level,SSI
Region of Southern Denmark,2024-10-17,2024-W42,1766.04,1348.47,2312.91,Low level,SSI
Capital Region of Denmark,2024-10-24,2024-W43,763.19,529.35,1100.33,Low level,SSI
Central Denmark Region,2024-10-24,2024-W43,829.03,614.5,1118.46,Low level,SSI
North Denmark Region,2024-10-24,2024-W43,835.93,484.42,1442.52,Low level,SSI
Region Zealand,2024-10-24,2024-W43,1890.18,1357.87,2631.16,Medium level,SSI
Region of Southern Denmark,2024-10-24,2024-W43,1687.41,1185.03,2402.76,Low level,SSI
Capital Region of Denmark,2024-10-31,2024-W44,753.85,587.87,966.69,Low level,SSI
Central Denmark Region,2024-10-31,2024-W44,807.78,593.85,1098.77,Low level,SSI
North Denmark Region,2024-10-31,2024-W44,999,584.9,1706.28,Low level,SSI
Region Zealand,2024-10-31,2024-W44,1693.05,1216.84,2355.63,Low level,SSI
Region of Southern Denmark,2024-10-31,2024-W44,1113.38,798.52,1552.39,Low level,SSI
Capital Region of Denmark,2024-11-07,2024-W45,842.24,552.78,1283.28,Low level,SSI
Central Denmark Region,2024-11-07,2024-W45,709.3,521.07,965.54,Low level,SSI
North Denmark Region,2024-11-07,2024-W45,734.51,567.89,950.03,Low level,SSI
Region Zealand,2024-11-07,2024-W45,1240.65,865.16,1779.12,Low level,SSI
Region of Southern Denmark,2024-11-07,2024-W45,1115.33,652.67,1905.95,Low level,SSI
Capital Region of Denmark,2024-11-14,2024-W46,770.75,512.07,1160.11,Low level,SSI
Central Denmark Region,2024-11-14,2024-W46,1026.86,778.66,1354.16,Low level,SSI
North Denmark Region,2024-11-14,2024-W46,791.36,584.93,1070.64,Low level,SSI
Region Zealand,2024-11-14,2024-W46,1190.67,790.37,1793.72,Low level,SSI
Region of Southern Denmark,2024-11-14,2024-W46,2184.46,1605.74,2971.76,Medium level,SSI
Capital Region of Denmark,2024-11-21,2024-W47,923.99,696.88,1225.11,Low level,SSI
Central Denmark Region,2024-11-21,2024-W47,911.41,733.65,1132.25,Low level,SSI
North Denmark Region,2024-11-21,2024-W47,777.59,540,1119.7,Low level,SSI
Region Zealand,2024-11-21,2024-W47,1719.43,1141.54,2589.88,Low level,SSI
Region of Southern Denmark,2024-11-21,2024-W47,1554.27,1089.68,2216.95,Low level,SSI
Capital Region of Denmark,2024-11-28,2024-W48,1571.36,1191.04,2073.13,Low level,SSI
Central Denmark Region,2024-11-28,2024-W48,1380.39,1117.9,1704.51,Low level,SSI
North Denmark Region,2024-11-28,2024-W48,1480,1261.91,1735.77,Low level,SSI
Region Zealand,2024-11-28,2024-W48,1354.12,949.91,1930.33,Low level,SSI
Region of Southern Denmark,2024-11-28,2024-W48,2632.25,1663.28,4165.72,Medium level,SSI
Capital Region of Denmark,2024-12-05,2024-W49,1810.14,1492.53,2195.33,Low level,SSI
Central Denmark Region,2024-12-05,2024-W49,1598.38,1187.89,2150.72,Low level,SSI
North Denmark Region,2024-12-05,2024-W49,1525.64,942.94,2468.42,Low level,SSI
Region Zealand,2024-12-05,2024-W49,2636.93,1981.43,3509.28,Medium level,SSI
Region of Southern Denmark,2024-12-05,2024-W49,2665.01,2007.7,3537.51,Medium level,SSI
Capital Region of Denmark,2024-12-12,2024-W50,1535.28,1063.87,2215.56,Low level,SSI
Central Denmark Region,2024-12-12,2024-W50,2096.13,1377.15,3190.48,Medium level,SSI
North Denmark Region,2024-12-12,2024-W50,1422.58,889.26,2275.77,Low level,SSI
Region Zealand,2024-12-12,2024-W50,3258.74,2350.55,4517.83,Medium level,SSI
Region of Southern Denmark,2024-12-12,2024-W50,3081.45,2356.26,4029.83,Medium level,SSI
Capital Region of Denmark,2024-12-19,2024-W51,3105.27,2478.77,3890.12,Medium level,SSI
Central Denmark Region,2024-12-19,2024-W51,2699.82,2147.92,3393.53,Medium level,SSI
North Denmark Region,2024-12-19,2024-W51,2585.68,2017.65,3313.64,Medium level,SSI
Region Zealand,2024-12-19,2024-W51,3477.51,3009.46,4018.35,Medium level,SSI
Region of Southern Denmark,2024-12-19,2024-W51,3257.52,2550.2,4161.01,Medium level,SSI
Capital Region of Denmark,2025-01-02,2025-W01,2344.97,1415.17,3885.68,Medium level,SSI
Central Denmark Region,2025-01-02,2025-W01,3896.11,2669.43,5686.51,Medium level,SSI
North Denmark Region,2025-01-02,2025-W01,3165.79,1781.32,5626.31,Medium level,SSI
Region Zealand,2025-01-02,2025-W01,5466.13,2467.28,12109.92,Medium level,SSI
Region of Southern Denmark,2025-01-02,2025-W01,2443.68,2171.87,2749.5,Medium level,SSI
Capital Region of Denmark,2025-01-09,2025-W02,1033.87,784.18,1363.07,Low level,SSI
Central Denmark Region,2025-01-09,2025-W02,1080.24,838.54,1391.6,Low level,SSI
North Denmark Region,2025-01-09,2025-W02,1663.56,1022.37,2706.87,Low level,SSI
Region Zealand,2025-01-09,2025-W02,1264.12,833.48,1917.25,Low level,SSI
Region of Southern Denmark,2025-01-09,2025-W02,988.93,715.39,1367.06,Low level,SSI
Capital Region of Denmark,2025-01-16,2025-W03,524.09,441.89,621.58,Low level,SSI
Central Denmark Region,2025-01-16,2025-W03,1113.22,843.6,1469.01,Low level,SSI
North Denmark Region,2025-01-16,2025-W03,742.7,533.32,1034.3,Low level,SSI
Region Zealand,2025-01-16,2025-W03,1003.07,766.97,1311.86,Low level,SSI
Region of Southern Denmark,2025-01-16,2025-W03,844.96,647.72,1102.28,Low level,SSI
Capital Region of Denmark,2025-01-23,2025-W04,368.72,267.94,507.39,Very low level,SSI
Central Denmark Region,2025-01-23,2025-W04,415.46,312.02,553.18,Very low level,SSI
North Denmark Region,2025-01-23,2025-W04,575.52,355.01,933,Low level,SSI
Region Zealand,2025-01-23,2025-W04,278.09,112.3,688.65,Very low level,SSI
Region of Southern Denmark,2025-01-23,2025-W04,466.13,371.48,584.9,Low level,SSI
Capital Region of Denmark,2025-01-30,2025-W05,481.36,394.7,587.05,Low level,SSI
Central Denmark Region,2025-01-30,2025-W05,667.16,489.97,908.43,Low level,SSI
North Denmark Region,2025-01-30,2025-W05,815.08,620.08,1071.38,Low level,SSI
Region Zealand,2025-01-30,2025-W05,529.09,344.27,813.14,Low level,SSI
Region of Southern Denmark,2025-01-30,2025-W05,612.91,447.75,838.98,Low level,SSI
Capital Region of Denmark,2025-02-06,2025-W06,533.12,435.27,652.97,Low level,SSI
Central Denmark Region,2025-02-06,2025-W06,838.73,626.65,1122.59,Low level,SSI
North Denmark Region,2025-02-06,2025-W06,905.27,730.8,1121.38,Low level,SSI
Region Zealand,2025-02-06,2025-W06,609.05,374.82,989.66,Low level,SSI
Region of Southern Denmark,2025-02-06,2025-W06,824.2,630.97,1076.62,Low level,SSI
Capital Region of Denmark,2025-02-13,2025-W07,492.99,324.59,748.76,Low level,SSI
Central Denmark Region,2025-02-13,2025-W07,935.23,602.41,1451.93,Low level,SSI
North Denmark Region,2025-02-13,2025-W07,861.4,458.69,1617.71,Low level,SSI
Region Zealand,2025-02-13,2025-W07,463.09,253.58,845.71,Low level,SSI
Region of Southern Denmark,2025-02-13,2025-W07,1201.41,956.93,1508.34,Low level,SSI
Capital Region of Denmark,2025-02-20,2025-W08,497.2,355.89,694.6,Low level,SSI
Central Denmark Region,2025-02-20,2025-W08,867.79,695.34,1083.01,Low level,SSI
North Denmark Region,2025-02-20,2025-W08,1395.04,926.13,2101.37,Low level,SSI
Region Zealand,2025-02-20,2025-W08,383.25,221.24,663.89,Very low level,SSI
Region of Southern Denmark,2025-02-20,2025-W08,1024.25,879.81,1192.41,Low level,SSI
Capital Region of Denmark,2025-02-27,2025-W09,447.76,260.95,768.32,Very low level,SSI
Central Denmark Region,2025-02-27,2025-W09,474.09,382.71,587.3,Low level,SSI
North Denmark Region,2025-02-27,2025-W09,720.71,595.93,871.61,Low level,SSI
Region Zealand,2025-02-27,2025-W09,308.38,207.89,457.46,Very low level,SSI
Region of Southern Denmark,2025-02-27,2025-W09,853.14,546.26,1332.42,Low level,SSI
Capital Region of Denmark,2025-03-06,2025-W10,138.52,98.36,195.07,Very low level,SSI
Central Denmark Region,2025-03-06,2025-W10,249.87,159.14,392.35,Very low level,SSI
North Denmark Region,2025-03-06,2025-W10,216.83,129.44,363.21,Very low level,SSI
Region Zealand,2025-03-06,2025-W10,215.77,108.98,427.21,Very low level,SSI
Region of Southern Denmark,2025-03-06,2025-W10,335.54,262.52,428.87,Very low level,SSI
Capital Region of Denmark,2025-03-13,2025-W11,292.1,212.36,401.78,Very low level,SSI
Central Denmark Region,2025-03-13,2025-W11,360.45,287.75,451.52,Very low level,SSI
North Denmark Region,2025-03-13,2025-W11,279.31,222.01,351.41,Very low level,SSI
Region Zealand,2025-03-13,2025-W11,382.23,260.37,561.12,Very low level,SSI
Region of Southern Denmark,2025-03-13,2025-W11,308.68,245.11,388.74,Very low level,SSI
Capital Region of Denmark,2025-03-20,2025-W12,252.58,190.49,334.91,Very low level,SSI
Central Denmark Region,2025-03-20,2025-W12,189.46,100.1,358.61,Very low level,SSI
North Denmark Region,2025-03-20,2025-W12,161.43,134.61,193.59,Very low level,SSI
Region Zealand,2025-03-20,2025-W12,200,126.85,315.33,Very low level,SSI
Region of Southern Denmark,2025-03-20,2025-W12,260.7,188.76,360.08,Very low level,SSI
Capital Region of Denmark,2025-03-27,2025-W13,107.27,63.52,181.18,Very low level,SSI
Central Denmark Region,2025-03-27,2025-W13,94.7,58.34,153.74,Very low level,SSI
North Denmark Region,2025-03-27,2025-W13,162.45,125.81,209.74,Very low level,SSI
Region Zealand,2025-03-27,2025-W13,134.67,91.94,197.27,Very low level,SSI
Region of Southern Denmark,2025-03-27,2025-W13,189.38,133.33,268.99,Very low level,SSI
Capital Region of Denmark,2025-04-03,2025-W14,178.07,136.37,232.52,Very low level,SSI
Central Denmark Region,2025-04-03,2025-W14,121.41,80.6,182.9,Very low level,SSI
North Denmark Region,2025-04-03,2025-W14,125.82,79.07,200.21,Very low level,SSI
Region Zealand,2025-04-03,2025-W14,82.9,53.8,127.75,Very low level,SSI
Region of Southern Denmark,2025-04-03,2025-W14,180.11,134.82,240.61,Very low level,SSI
Capital Region of Denmark,2025-04-10,2025-W15,190.29,152.37,237.64,Very low level,SSI
Central Denmark Region,2025-04-10,2025-W15,194.18,121.4,310.62,Very low level,SSI
North Denmark Region,2025-04-10,2025-W15,166.14,122.04,226.19,Very low level,SSI
Region Zealand,2025-04-10,2025-W15,149.2,93.11,239.08,Very low level,SSI
Region of Southern Denmark,2025-04-10,2025-W15,158.42,116.69,215.07,Very low level,SSI
Capital Region of Denmark,2025-04-17,2025-W16,63.9,40.44,100.97,Very low level,SSI
Central Denmark Region,2025-04-17,2025-W16,27.82,11.63,66.56,Very low level,SSI
North Denmark Region,2025-04-17,2025-W16,175.23,97.92,313.58,Very low level,SSI
Region Zealand,2025-04-17,2025-W16,148.42,23.29,945.75,Very low level,SSI
Region of Southern Denmark,2025-04-17,2025-W16,133.57,62.72,284.44,Very low level,SSI
Capital Region of Denmark,2025-04-24,2025-W17,123.87,70.39,217.97,Very low level,SSI
Central Denmark Region,2025-04-24,2025-W17,46.27,25.03,85.5,Very low level,SSI
North Denmark Region,2025-04-24,2025-W17,177.02,87.85,356.68,Very low level,SSI
Region Zealand,2025-04-24,2025-W17,98.08,25.11,383.12,Very low level,SSI
Region of Southern Denmark,2025-04-24,2025-W17,147.74,94.99,229.78,Very low level,SSI
Capital Region of Denmark,2025-05-01,2025-W18,213.46,144.45,315.43,Very low level,SSI
Central Denmark Region,2025-05-01,2025-W18,111.49,73.9,168.18,Very low level,SSI
North Denmark Region,2025-05-01,2025-W18,149.14,84.74,262.49,Very low level,SSI
Region Zealand,2025-05-01,2025-W18,115.56,52.37,254.98,Very low level,SSI
Region of Southern Denmark,2025-05-01,2025-W18,250.68,126.21,497.91,Very low level,SSI
Capital Region of Denmark,2025-05-08,2025-W19,87.63,51.69,148.56,Very low level,SSI
Central Denmark Region,2025-05-08,2025-W19,89.92,53.91,149.98,Very low level,SSI
North Denmark Region,2025-05-08,2025-W19,120.21,55.38,260.93,Very low level,SSI
Region Zealand,2025-05-08,2025-W19,78.42,49.45,124.39,Very low level,SSI
Region of Southern Denmark,2025-05-08,2025-W19,92.11,69.9,121.37,Very low level,SSI
Capital Region of Denmark,2025-05-15,2025-W20,49.49,23.33,104.96,Very low level,SSI
Central Denmark Region,2025-05-15,2025-W20,66.38,36.85,119.58,Very low level,SSI
North Denmark Region,2025-05-15,2025-W20,118.95,60.05,235.64,Very low level,SSI
Region Zealand,2025-05-15,2025-W20,71.25,31.16,162.92,Very low level,SSI
Region of Southern Denmark,2025-05-15,2025-W20,63.85,39.65,102.82,Very low level,SSI
Capital Region of Denmark,2025-05-22,2025-W21,57.28,32.67,100.46,Very low level,SSI
Central Denmark Region,2025-05-22,2025-W21,87.69,54.35,141.5,Very low level,SSI
North Denmark Region,2025-05-22,2025-W21,101.27,46.62,220,Very low level,SSI
Region Zealand,2025-05-22,2025-W21,64.74,35.95,116.6,Very low level,SSI
Region of Southern Denmark,2025-05-22,2025-W21,146.38,85.71,250.01,Very low level,SSI
Capital Region of Denmark,2025-05-29,2025-W22,124.71,71.15,218.58,Very low level,SSI
Central Denmark Region,2025-05-29,2025-W22,206.89,112.75,379.61,Very low level,SSI
North Denmark Region,2025-05-29,2025-W22,261,84.54,805.76,Very low level,SSI
Region Zealand,2025-05-29,2025-W22,130.17,75.64,224.02,Very low level,SSI
Region of Southern Denmark,2025-05-29,2025-W22,119.64,47.51,301.22,Very low level,SSI
Capital Region of Denmark,2025-06-05,2025-W23,123.97,41.27,372.41,Very low level,SSI
Central Denmark Region,2025-06-05,2025-W23,97,64.91,144.93,Very low level,SSI
North Denmark Region,2025-06-05,2025-W23,192.06,84.94,434.28,Very low level,SSI
Region Zealand,2025-06-05,2025-W23,84.58,42.81,167.1,Very low level,SSI
Region of Southern Denmark,2025-06-05,2025-W23,90.94,52.54,157.39,Very low level,SSI
Capital Region of Denmark,2025-06-12,2025-W24,163.73,101.22,264.84,Very low level,SSI
Central Denmark Region,2025-06-12,2025-W24,119.62,82.67,173.09,Very low level,SSI
North Denmark Region,2025-06-12,2025-W24,103.59,55.43,193.59,Very low level,SSI
Region Zealand,2025-06-12,2025-W24,105.87,49.68,225.58,Very low level,SSI
Region of Southern Denmark,2025-06-12,2025-W24,93.32,44.79,194.44,Very low level,SSI
